Workbook
Name a: '1 (Mutu Guru) '!$WYW$2
Name Butir2: '[1]Komponen 1 - BORANG'!#REF!

Sheet Panduan Penggunaan
C4: Langkah Penggunaan Lembar Kerja Penggalian Data dan Penilaian. Untuk menggunakan lembar ini, berikut langkah yang perlu dilalui:

Sheet KOMPONEN EKG
B2: No. | C2: Komponen | D2: Sub Komponen | E2: Nomor Butir | F2: Butir Kinerja
B3: 1 | C3: Mutu Guru | D3: Kompetensi Guru | E3: 1 | F3: PERENCANAAN PEMBELAJARAN AKTIF KREATIF INOVATIF, LINGKUNGAN TIK
B4: 2 | D4: Pengembangan Profesi Guru | E4: 2 | F4: EVALUASI DIRI, REFLEKSI DAN PENGEMBANGAN KOMPETENSI
B5: 3 | E5: 3 | F5: PENGEMBANGAN PROFESI BERKELANJUTAN
B6: 4 | D6: Inovasi dan Kreativitas Guru | E6: 4 | F6: STRATEGI MODEL METODE TEKNIK MEDIA
B7: 5 | D7: Kompetensi Teknis Guru | E7: 5 | F7: Kompetensi Teknis/Magang
D8: Budaya Kerja Industri | E8: 6 | F8: PEMAHAMAN BUDAYA KERJA INDUSTRI
B9: 6 | C9: Proses Pembelajaran | D9: Kualitas Pembelajaran | E9: 1 | F9: PEMBELAJARAN AKTIF, BERFIKIR TINGKAT TINGGI DAN EFEKTIF
E10: 2 | F10: SINKRONISASI KURIKULUM DENGAN KEBUTUHAN DAN STANDAR INDUSTRI
B11: 7 | E11: 3 | F11: PENILAIAN PROSES HASIL BELAJAR SEBAGAI DASAR PERBAIKAN
B12: 8 | E12: 4 | F12: PROGRAM REMEDIAL/PENGAYAAN
B13: 9 | D13: Iklim Belajar | E13: 5 | F13: PARTISIPASI AKTIF SISWA DAN SUASAN BELAJAR
B14: 10 | E14: 6 | F14: PEMBIASAAN LITERASI MEMBACA MENULIS OLEH GURU
B15: 11 | E15: 7 | F15: SUASANA BELAJAR AMAN NYAMAN BERSIH MUDAH
B16: 12 | D16: Pemamfaatan Sarpras | E16: 8 | F16: OPTIMASI SARANA PRASARANA
B17: 13 | D17: Unit produksi/business center/technopark/Teaching Factory | E17: 9 | F17: Teaching Factory
B18: 14 | D18: Praktek Kerja Lapangan (PKL) | E18: 10 | F18: PKL/Prakerin
B19: 15 | C19: Influencing Factors | D19: Faktor Internal | E19: 1 | F19: Komitmen Profesional (professional commitment
B20: 16 | E20: 2 | F20: Motivasi kerja (work motivation)
B21: 17 | E21: 3 | F21: Efikasi diri, kepuasan kerja, dan keterikatan kerja
B22: 18 | E22: 4 | F22: Kesehatan Psikologis (Burnout)
B23: 19 | E23: 5 | F23: Resiliensi (ketangguhan)
B24: 20 | D24: Faktor Eksternal | E24: 1 | F24: Kepemimpinan kepala sekolah (instructional leadership)
B25: 21 | E25: 2 | F25: Lingkungan/iklim sekolah
B26: 23 | E26: 3 | F26: Sarana dan Prasarana (fisik & digital)
B27: 24 | E27: 4 | F27: Kolaborasi dengan industri & ekosistem WBL/PKL
B28: 25 | E28: 5 | F28: Sistem penghargaan/kompensasi & jalur karier
C30: Note:
C31: Karakter Sekolah Kejuruan/Vokasi

Sheet 1 (Mutu Guru) 
B2: Nomor Butir Kinerja | C2: KURANG | D2: CUKUP BAIK | E2: BAIK | F2: SANGAT BAIK | G2: PENILAIAN EVALUATOR | H2: BUKTI | I2: RASIONAL PENILAIAN DAN IDENTIFIKASI BUKTI YANG DIGUNAKAN | J2: JUSTIFIKASI DAN IDENTIFIKASI BUKTI YANG DIGUNAKAN UNTUK PENILAIAN KURANG ATAU SANGAT BAIK
B3: 1 | C3: Butir Kinerja 1. Guru mengembangkan perencanaan pembelajaran yang berorientasi pada keaktifan, kreativitas, dan inovasi peserta didik melalui pengoptimalan sumber lingkungan dan integrasi teknologi informasi dan komunikasi sesuai dengan karakteristik konteks pembelajaran.
C4: Guru menyusun perencanaan pembelajaran yang belum memfasilitasi peserta didik belajar aktif, kreatif, dan inovatif, serta belum memanfaatkan lingkungan dan TIK secara optimal dalam mendukung pembelajaran. | D4: Guru mampu: (1) menyusun perencanaan pembelajaran yang memfasilitasi peserta didik belajar aktif dan kreatif, namun penerapan metode, pemanfaatan lingkungan, dan penggunaan TIK masih terbatas; dan (2) menjelaskan tahapan penyusunan perencanaan pembelajaran, tetapi belum sistematis dan belum berdasarkan hasil refleksi pembelajaran. | E4: Guru mampu: (1) menyusun perencanaan pembelajaran yang memfasilitasi peserta didik belajar aktif, kreatif, inovatif, dan menyenangkan melalui metode pembelajaran yang bervariasi; (2) memanfaatkan lingkungan sekitar sebagai sumber belajar; (3) menggunakan TIK untuk mendukung pembelajaran; dan (4) menjelaskan tahapan penyusunan perencanaan pembelajaran sesuai ketentuan yang berlaku. | F4: Guru mampu: (1) menyusun perencanaan pembelajaran yang memfasilitasi seluruh peserta didik belajar secara aktif, kreatif, inovatif, efektif, dan menyenangkan melalui kegiatan seperti proyek berbasis masalah, penelitian sederhana, pembelajaran berbasis produk, teaching factory, atau pembelajaran kontekstual yang relevan dengan kompetensi keahlian SMK; (2) mengoptimalkan pemanfaatan lingkungan sekolah, dunia kerja, dan lingkungan sekitar sebagai sumber belajar; (3) memanfaatkan TIK secara efektif melalui LMS, media digital, simulasi, video pembelajaran, atau aplikasi pembelajaran lainnya; dan (4) menjelaskan tahapan penyusunan perencanaan pembelajaran secara sistematis berdasarkan hasil refleksi dan evaluasi pembelajaran sebelumnya. | G4: SANGAT KURANG
B5: 2 | C5: Butir Kinerja 2: Guru menunjukkan upaya pengembangan profesional melalui kegiatan evaluasi diri, refleksi pembelajaran, dan peningkatan kompetensi yang dilakukan secara periodik untuk mendukung perbaikan kinerja. kompetensi untuk perbaikan kinerja secara berkala.
C6: Guru belum melakukan evaluasi dan refleksi diri secara konsisten atau masih memerlukan bantuan dalam melaksanakan evaluasi dan refleksi diri untuk perbaikan kinerja. | D6: Guru melakukan evaluasi dan refleksi diri untuk perbaikan kinerja melalui catatan mengajar atau evaluasi sederhana, namun belum dilakukan secara sistematis dan belum dimanfaatkan secara optimal untuk pengembangan kompetensi. | E6: Guru melakukan evaluasi dan refleksi diri secara berkala melalui jurnal reflektif, catatan harian mengajar, atau hasil supervisi untuk memperbaiki pembelajaran dan mengembangkan kompetensi secara berkelanjutan. Hasil refleksi telah dimanfaatkan untuk meningkatkan kualitas pembelajaran. | F6: Guru melakukan evaluasi dan refleksi diri secara sistematis melalui berbagai kegiatan seperti observasi pembelajaran, penilaian dari siswa, teman sejawat, supervisi kepala sekolah, rekaman audio/video, jurnal refleksi, dan analisis hasil belajar siswa. Hasil evaluasi dan refleksi didiskusikan, didiseminasikan, dan dimanfaatkan untuk pengembangan kompetensi serta perbaikan kinerja secara berkelanjutan yang terlihat pada peningkatan mutu pembelajaran dan capaian hasil belajar peserta didik. | G6: SANGAT KURANG
B7: 3 | C7: Butir Kinerja 3: Guru menunjukkan komitmen terhadap pengembangan profesi berkelanjutan melalui berbagai kegiatan yang mendukung peningkatan kapasitas pengetahuan, keterampilan, dan perluasan wawasan profesional.
C8: Guru melakukan pengembangan profesi dalam bentuk kegiatan yang masih terbatas dan lebih bersifat memenuhi kewajiban atau arahan sekolah. Hasil pengembangan profesi belum berdampak nyata terhadap peningkatan mutu pembelajaran dan belum dibagikan kepada orang lain. | D8: Guru melakukan pengembangan profesi berkelanjutan atas anjuran atau himbauan sekolah melalui kegiatan seperti diskusi, seminar, pelatihan, belajar daring, atau kegiatan profesi lainnya yang memberikan dampak terbatas terhadap peningkatan mutu pembelajaran dan hasil belajar siswa. | E8: Guru melakukan pengembangan profesi berkelanjutan atas inisiatif sendiri melalui berbagai kegiatan seperti KKG/MGMP, seminar, pelatihan, belajar daring, publikasi ilmiah, atau karya inovatif yang berdampak terhadap peningkatan mutu pembelajaran dan hasil belajar siswa. Guru juga membagikan praktik baik kepada teman sejawat di lingkungan sekolah/madrasah. | F8: Guru melakukan pengembangan profesi berkelanjutan atas inisiatif sendiri secara aktif dan konsisten melalui berbagai kegiatan seperti diskusi teman sejawat, KKG/MGMP, pelatihan, seminar, belajar daring, publikasi ilmiah, dan karya inovatif. Hasil pengembangan profesi berdampak nyata terhadap peningkatan mutu pembelajaran dan capaian belajar siswa, serta didiseminasikan kepada guru lain di dalam maupun di luar sekolah melalui presentasi, pelatihan, publikasi, atau media digital. | G8: SANGAT KURANG
B9: 4 | C9: Butir Kinerja 4: Guru menunjukkan kemampuan dalam mengembangkan pendekatan pembelajaran melalui pemilihan strategi, model, metode, teknik, dan media yang variatif, kreatif, serta inovatif untuk meningkatkan efektivitas pembelajaran.
C10: Guru mengembangkan dan/atau memodifikasi strategi, model, metode, teknik, dan media pembelajaran yang belum mampu mendorong keterlibatan aktif peserta didik dan belum mendukung tercapainya tujuan pembelajaran secara efektif. | D10: Guru mampu mengembangkan dan/atau memodifikasi strategi, model, metode, teknik, dan media pembelajaran yang mendorong peserta didik belajar aktif dan menyenangkan, namun belum sepenuhnya relevan dengan tujuan pembelajaran atau belum dilakukan secara konsisten. | E10: Guru mampu mengembangkan dan/atau memodifikasi strategi, model, metode, teknik, dan media pembelajaran kreatif dan inovatif yang mendorong peserta didik belajar aktif, efektif, dan menyenangkan sesuai dengan tujuan pembelajaran. Guru telah memanfaatkan media dan teknologi pembelajaran secara baik dalam proses pembelajaran. | F10: Guru mampu mengembangkan dan/atau memodifikasi strategi, model, metode, teknik, dan media pembelajaran yang kreatif dan inovatif sehingga mendorong peserta didik belajar secara aktif, efektif, menyenangkan, dan sesuai dengan tujuan pembelajaran. Inovasi pembelajaran yang dikembangkan memanfaatkan teknologi informasi, lingkungan, dan sumber belajar yang relevan serta telah menginspirasi teman sejawat dan/atau didiseminasikan sehingga dapat direplikasi oleh guru lain. | G10: SANGAT KURANG
B11: 5 | C11: Butir Kinerja 5: Guru melaksanakan pengembangan kompetensi profesional melalui keikutsertaan dalam pelatihan asesor kompetensi dan/atau kegiatan pemagangan di dunia kerja.
C12: Guru SMK belum mengikuti pelatihan asesor kompetensi maupun magang di dunia kerja sehingga pembelajaran belum terintegrasi dengan budaya dan standar kerja industri. | D12: Guru SMK telah mengikuti pelatihan asesor kompetensi atau magang di dunia kerja, namun hasil pelatihan atau pengalaman magang belum diterapkan secara optimal dalam proses pembelajaran. | E12: Guru SMK mengikuti pelatihan asesor kompetensi dan/atau magang di dunia kerja serta menerapkan hasilnya dalam pembelajaran di kelas maupun praktik melalui penggunaan prosedur kerja, media praktik, dan penilaian yang relevan dengan dunia kerja. | F12: Guru SMK mengikuti pelatihan asesor kompetensi dan/atau magang di dunia kerja serta mampu menerapkan hasilnya secara optimal dalam pembelajaran teori dan praktik sesuai budaya dan iklim kerja industri yang produktif. Guru menerapkan standar industri, job sheet, SOP kerja, asesmen berbasis uji kompetensi, serta pembelajaran berbasis teaching factory sehingga meningkatkan kesiapan kerja dan kompetensi peserta didik. | G12: SANGAT KURANG
B13: 6 | C13: Butir Kinerja 5: Guru menerapkan budaya kerja industri dalam mendukung peningkatan mutu dan profesionalisme kerja
C14: Guru belum menerapkan budaya kerja industri secara nyata dalam proses pembelajaran maupun pelaksanaan tugas profesional. | D14: Guru telah menerapkan beberapa unsur budaya kerja industri dalam pembelajaran dan pelaksanaan tugas, namun belum dilakukan secara konsisten dan belum berdampak optimal terhadap peningkatan mutu kerja. | E14: Guru menerapkan budaya kerja industri dalam kegiatan pembelajaran dan pelaksanaan tugas profesional sehingga mendukung peningkatan mutu pembelajaran dan profesionalisme kerja. | F14: Guru secara konsisten menerapkan budaya kerja industri dalam seluruh proses pembelajaran dan aktivitas profesional, seperti disiplin, tanggung jawab, kerja sama, keselamatan kerja, orientasi mutu, efisiensi, dan pelayanan kerja. Penerapan tersebut menjadi teladan bagi siswa dan rekan sejawat serta berdampak nyata terhadap peningkatan mutu pembelajaran dan profesionalisme kerja di sekolah. | G14: SANGAT KURANG

Sheet 2 (PBM)
B2: Nomor Butir Kinerja | C2: KURANG | D2: CUKUP BAIK | E2: BAIK | F2: SANGAT BAIK | G2: PENILAIAN EVALUATOR | H2: BUKTI | I2: RASIONAL PENILAIAN DAN IDENTIFIKASI BUKTI YANG DIGUNAKAN | J2: JUSTIFIKASI DAN IDENTIFIKASI BUKTI YANG DIGUNAKAN UNTUK PENILAIAN KURANG ATAU SANGAT BAIK
B3: 7 | C3: Butir Kinerja 7: Kegiatan Pembelajaran berlangsung secara aktif melalui keterlibatan seluruh peserta didik dan berorientasi pada penguatan keterampilan berpikir tingkat tinggi guna mendukung terciptanya proses belajar yang efektif sesuai target pembelajaran di satuan pendidikan.
C4: Dalam proses pembelajaran, guru lebih dominan menjelaskan materi, sedangkan peserta didik lebih banyak mendengarkan, mencatat, dan mengerjakan tugas tanpa keterlibatan aktif yang bermakna. | D4: Dalam proses pembelajaran, guru memberi kesempatan kepada peserta didik untuk belajar secara aktif melalui kegiatan membaca, bertanya, berdiskusi, praktik, atau menggunakan media, namun pengembangan keterampilan berpikir tingkat tinggi dan keterkaitan materi dengan kehidupan nyata belum optimal. | E4: Dalam proses pembelajaran, guru memberi kesempatan kepada peserta didik untuk belajar secara aktif melalui membaca, bertanya, berdiskusi, praktik, atau menggunakan media pembelajaran. Pembelajaran dilaksanakan melalui pengalaman konkret dan materi yang dipelajari dikaitkan dengan kehidupan peserta didik sehingga pembelajaran menjadi lebih bermakna. | F4: Dalam proses pembelajaran, guru mampu melibatkan seluruh peserta didik secara aktif melalui kegiatan membaca, bertanya, berdiskusi, praktik, presentasi, penggunaan media, dan pemecahan masalah. Guru mengembangkan keterampilan berpikir tingkat tinggi (HOTS) melalui kegiatan menganalisis, mengevaluasi, mencipta, dan menyelesaikan masalah kontekstual. Pembelajaran dilaksanakan melalui pengalaman konkret, bermakna bagi kehidupan peserta didik, serta berdampak pada kemampuan peserta didik dalam memecahkan masalah kehidupan sehari-hari. | G4: SANGAT KURANG
B5: 8 | C5: Butir Kinerja 8: Adanya kesesuaian kurikulum sekolah dengan kebutuhan dan standar kerja industri
C6: Guru melaksanakan pembelajaran berdasarkan kurikulum sekolah tanpa mengaitkan secara jelas dengan kebutuhan dan standar dunia kerja/industri. | D6: Guru mulai menyesuaikan sebagian materi dan kegiatan pembelajaran dengan kebutuhan industri, namun penerapannya belum konsisten dan belum sepenuhnya mengacu pada standar kerja industri. | E6: Guru menerapkan kurikulum yang telah disesuaikan dengan kebutuhan dan standar kerja industri dalam proses pembelajaran sehingga materi, praktik, dan penilaian relevan dengan dunia kerja. | F6: Guru mengimplementasikan kurikulum yang telah diselaraskan secara komprehensif dengan kebutuhan Dunia Usaha dan Dunia Industri (DUDI), melibatkan mitra industri dalam penyusunan, pelaksanaan, evaluasi pembelajaran, serta menghasilkan pembelajaran berbasis standar kerja industri yang berdampak nyata terhadap kesiapan kerja dan kompetensi siswa. | G6: SANGAT KURANG
B7: 9 | C7: Butir Kinerja 9: Penilaian pembelajaran, baik pada proses maupun hasil belajar, dimanfaatkan untuk meningkatkan kualitas pembelajaran melalui pelaksanaan yang terencana dan sistematis.
C8: Guru melaksanakan penilaian proses dan hasil belajar tanpa memperhatikan keterkaitan dengan tujuan pembelajaran serta belum menggunakan prosedur penilaian yang sistemis dan berkelanjutan. | D8: Guru melaksanakan penilaian proses dan hasil belajar sesuai tujuan pembelajaran, namun teknik penilaian masih terbatas dan hasil penilaian belum dimanfaatkan secara optimal untuk perbaikan pembelajaran. | E8: Guru melaksanakan penilaian proses dan hasil belajar secara berkesinambungan dengan menggunakan berbagai teknik penilaian untuk mengetahui ketercapaian tujuan pembelajaran pada aspek sikap, pengetahuan, dan keterampilan. | F8: Guru melaksanakan penilaian proses dan hasil belajar secara sistemis, terencana, dan berkesinambungan dengan menggunakan berbagai teknik penilaian untuk mengukur aspek sikap, pengetahuan, dan keterampilan. Hasil penilaian dianalisis dan dimanfaatkan sebagai dasar perbaikan proses pembelajaran, tindak lanjut pembelajaran, dan peningkatan hasil belajar peserta didik secara nyata. | G8: SANGAT KURANG
B9: 10 | C9: Butir Kinerja 10: Kegiatan perbaikan pembelajaran maupun pengayaan diberikan kepada peserta didik yang membutuhkan untuk mendukung pencapaian kompetensi belajar.
C10: Guru melaksanakan program remedial atau pengayaan secara terbatas hanya melalui pemberian tes ulang, tugas tambahan, atau pekerjaan rumah tanpa strategi pembelajaran yang sesuai kebutuhan peserta didik. | D10: Guru melaksanakan program remedial atau pengayaan secara sistematis dan terstruktur, namun pelaksanaannya masih terbatas pada beberapa kompetensi atau mata pelajaran serta dampaknya terhadap peningkatan hasil belajar belum optimal. | E10: Guru melaksanakan program remedial dan/atau pengayaan secara sistematis dan terstruktur dengan menggunakan berbagai strategi sesuai kebutuhan peserta didik dan berdampak terhadap peningkatan hasil belajar peserta didik. | F10: Guru melaksanakan program remedial dan/atau pengayaan secara sistematis, terstruktur, dan berkelanjutan berdasarkan hasil analisis capaian kompetensi peserta didik. Program dilaksanakan dengan berbagai strategi sesuai kebutuhan peserta didik serta terbukti meningkatkan kompetensi pengetahuan dan keterampilan peserta didik secara signifikan. | G10: SANGAT KURANG
B11: 11 | C11: Butir Kinerja 11: Kegiatan belajar berlangsung dengan keaktifan peserta didik yang tinggi disertai suasana kelas yang positif dan menyenangkan.
C12: Suasana kelas berlangsung tertib, tetapi pembelajaran masih didominasi guru dengan komunikasi satu arah sehingga partisipasi aktif peserta didik masih rendah. | D12: Suasana kelas berlangsung tertib dengan adanya interaksi timbal balik antara siswa dengan siswa maupun siswa dengan guru, namun keterlibatan aktif peserta didik dan suasana pembelajaran menyenangkan belum optimal. | E12: Suasana pembelajaran berlangsung dinamis dengan adanya interaksi antarsiswa dan antara siswa dengan guru. Peserta didik antusias mengikuti pembelajaran dan suasana kelas terlihat menarik serta menyenangkan. | F12: Suasana pembelajaran berlangsung dinamis, interaktif, dan menyenangkan dengan keterlibatan aktif seluruh peserta didik melalui interaksi antarsiswa maupun antara siswa dengan guru. Peserta didik menunjukkan antusiasme tinggi, aktif berdiskusi, bertanya, berpendapat, dan bekerja sama sehingga pembelajaran berdampak pada tercapainya tujuan pembelajaran secara optimal. | G12: SANGAT KURANG
B13: 12 | C13: Butir Kinerja 12: Guru mengembangkan budaya literasi peserta didik melalui pembiasaan aktivitas membaca dan menulis secara berkelanjutan.10: Guru melakukan pembiasaan literasi membaca dan menulis.
C14: Guru belum melakukan pembiasaan membaca, menulis, berkomunikasi, berlatih, atau berkarya secara terprogram dan berkelanjutan. | D14: Guru melakukan pembiasaan membaca, menulis, berkomunikasi, berlatih, atau berkarya dalam pembelajaran, namun belum berdampak pada terbentuknya budaya literasi peserta didik di luar kelas. | E14: Guru melakukan pembiasaan literasi membaca dan menulis secara terprogram sehingga terbentuk budaya membaca dan menulis di luar kelas serta menghasilkan karya-karya literasi peserta didik seperti majalah dinding, cerpen, dan karya tulis lainnya. | F14: Guru melakukan pembiasaan literasi membaca dan menulis secara terprogram dan berkelanjutan sehingga terbentuk budaya literasi di dalam dan di luar kelas. Peserta didik menghasilkan berbagai karya literasi seperti majalah dinding, cerpen, artikel, atau karya tulis lainnya serta karya tersebut dipublikasikan di lingkungan sekolah maupun masyarakat. | G14: SANGAT KURANG
B15: 13 | C15: Butir Kinerja 13: Guru membangun kondisi pembelajaran yang kondusif melalui pemenuhan aspek keamanan, kenyamanan, kebersihan, serta dukungan terhadap kelancaran aktivitas belajar peserta didik.
C16: Guru belum menunjukkan upaya yang memadai dalam menciptakan suasana pembelajaran yang aman, nyaman, bersih, dan mudah diakses sehingga kondisi kelas kurang mendukung keterlibatan peserta didik dalam belajar. | D16: Guru mulai menerapkan pengelolaan pembelajaran yang memperhatikan aspek keamanan, kenyamanan, kebersihan, dan kemudahan belajar peserta didik, namun pelaksanaannya belum konsisten dan belum mendukung proses belajar secara optimal. | E16: Guru mampu menciptakan kondisi pembelajaran yang aman, nyaman, bersih, dan mendukung aktivitas belajar peserta didik baik secara fisik maupun emosional. Hubungan antara guru dan peserta didik serta antarpeserta didik terjalin dengan baik sehingga pembelajaran berlangsung kondusif dan tujuan pembelajaran dapat tercapai. | F16: Guru mampu membangun lingkungan belajar yang aman, nyaman, bersih, dan mudah diakses dengan melibatkan peserta didik dalam menjaga kondisi kelas secara fisik maupun psikologis. Interaksi antara guru dan peserta didik maupun antarpeserta didik berlangsung harmonis, penuh rasa saling menghargai dan menghormati sehingga proses pembelajaran berjalan efektif dan tujuan pembelajaran tercapai secara optimal. | G16: SANGAT KURANG
B17: 14 | C17: Butir Kinerja 14: Pemanfaatan sarana dan prasarana sekolah/madrasah dilakukan secara optimal guna menunjang kelancaran dan kualitas proses pembelajaran.
C18: Guru belum memanfaatkan fasilitas dan infrastruktur pembelajaran secara maksimal sebagai media maupun sumber belajar dalam kegiatan pembelajaran. | D18: Guru telah menggunakan beberapa fasilitas dan sarana pembelajaran sebagai media belajar, namun penggunaannya masih terbatas dari sisi jenis maupun intensitas pemanfaatannya sehingga pengaruhnya terhadap kualitas pembelajaran belum optimal. | E18: Guru memanfaatkan fasilitas dan infrastruktur yang tersedia di sekolah maupun di lingkungan luar sekolah sebagai media dan sumber belajar sehingga proses pembelajaran menjadi lebih efektif dan memberikan dampak positif terhadap hasil belajar siswa. | F18: Guru mampu mengoptimalkan berbagai fasilitas dan infrastruktur pembelajaran yang tersedia di lingkungan sekolah maupun di luar sekolah, termasuk media hasil inovasi guru dan siswa, sebagai sumber belajar yang relevan. Pemanfaatan tersebut terbukti meningkatkan kualitas proses pembelajaran serta mendorong peningkatan hasil belajar peserta didik secara signifikan. | G18: SANGAT KURANG
B19: 15 | C19: Butir Kinerja 15: Keberadaan unit produksi/business center/technopark/teaching factory dimamfaatkan oleh guru sebagai media pembelajaran kontekstual untuk meningkatkan kemampuan dalam mengelola pembelajaran berbasis industri.
C20: Guru belum memanfaatkan unit produksi/business center/technopark/ teaching factory secara efektif sebagai media pembelajaran berbasis industri. | D20: Guru telah menggunakan unit produksi/business center/technopark/ teaching factory sebagai media pembelajaran, namun pemanfaatannya masih terbatas dan belum terintegrasi secara optimal dalam proses pembelajaran berbasis industri. | E20: Guru memanfaatkan unit produksi/business center/technopark/teaching factory sebagai media pembelajaran berbasis industri dalam kegiatan pembelajaran sehingga siswa memperoleh pengalaman belajar yang relevan dengan dunia kerja. | F20: Guru secara optimal memanfaatkan unit produksi/business center/technopark/teaching factory sebagai media pembelajaran kontekstual berbasis industri dalam kegiatan teori dan praktik. Pembelajaran yang dilaksanakan mencerminkan budaya kerja industri, melibatkan siswa secara aktif dalam proses produksi/jasa, serta berdampak pada peningkatan kompetensi kerja, kemandirian, dan kesiapan kerja siswa. | G20: SANGAT KURANG
B21: 16 | C21: Butir Kinerja 16: Guru memanfaatkan kegiatan Praktik Kerja Lapangan (PKL) sebagai bagian dari pembelajaran berbasis dunia kerja untuk meningkatkan relevansi pembelajaran.
C22: Guru belum memanfaatkan kegiatan PKL sebagai bagian dari pembelajaran berbasis dunia kerja secara efektif. | D22: Guru telah memanfaatkan kegiatan PKL dalam pembelajaran, namun masih terbatas pada pelaksanaan administratif dan belum terintegrasi secara optimal dalam kegiatan pembelajaran di kelas maupun praktik. | E22: Guru memanfaatkan kegiatan PKL sebagai bagian dari pembelajaran berbasis dunia kerja dengan mengaitkan pengalaman kerja siswa ke dalam proses pembelajaran sehingga mendukung peningkatan kompetensi dan kesiapan kerja siswa. | F22: Guru secara optimal memanfaatkan kegiatan Praktik Kerja Lapangan (PKL) sebagai bagian terpadu dari pembelajaran berbasis dunia kerja melalui perencanaan, pelaksanaan, monitoring, evaluasi, dan tindak lanjut pembelajaran. Hasil PKL diintegrasikan ke dalam proses pembelajaran sehingga berdampak nyata terhadap peningkatan kompetensi, pengalaman kerja, karakter kerja, dan kesiapan kerja siswa. | G22: SANGAT KURANG

Sheet 3 (Influencing Factor)
B2: Nomor Butir Kinerja | C2: KURANG | D2: CUKUP BAIK | E2: BAIK | F2: SANGAT BAIK | G2: PENILAIAN EVALUATOR | H2: BUKTI | I2: RASIONAL PENILAIAN DAN IDENTIFIKASI BUKTI YANG DIGUNAKAN | J2: JUSTIFIKASI DAN IDENTIFIKASI BUKTI YANG DIGUNAKAN UNTUK PENILAIAN KURANG ATAU SANGAT BAIK
B3: 15 | C3: Butir Kinerja 15: Komitmen Profesional (Professional Commitment)
C4: Guru menunjukkan komitmen profesional yang rendah dalam menjalankan tugas keguruan. Pelaksanaan tugas sering tidak konsisten, pengembangan kompetensi jarang dilakukan, dan kurang menunjukkan kepedulian terhadap peningkatan mutu pembelajaran SMK. Guru kurang mengikuti perkembangan keilmuan dan kebutuhan dunia kerja, serta menunjukkan sikap yang belum mencerminkan profesionalisme, baik dalam kedisiplinan, tanggung jawab, maupun etika profesi. | D4: Guru menunjukkan komitmen profesional yang cukup, namun masih bersifat administratif dan reaktif. Pelaksanaan tugas utama berjalan, tetapi pengembangan diri dilakukan secara terbatas dan belum berkelanjutan. Dalam pembelajaran kejuruan, guru cenderung menggunakan pendekatan dan materi yang belum sepenuhnya mutakhir atau selaras dengan kebutuhan industri. Kepatuhan terhadap etika dan tanggung jawab profesional ada, namun belum disertai inisiatif kuat untuk peningkatan kualitas diri dan pembelajaran. | E4: Guru menunjukkan komitmen profesional yang baik dan stabil dalam melaksanakan tugas pokok dan fungsi sebagai pendidik. Guru mengikuti kegiatan pengembangan profesional yang relevan dan menerapkan hasilnya dalam pembelajaran, termasuk dalam penguatan kompetensi kejuruan peserta didik. Guru melaksanakan tugas dengan tanggung jawab, mematuhi kode etik profesi, serta menunjukkan sikap positif terhadap peningkatan mutu pembelajaran dan layanan pendidikan SMK, meskipun belum secara konsisten berperan sebagai penggerak atau inovator. | F4: Guru menunjukkan komitmen profesional yang sangat tinggi dan konsisten dalam seluruh aspek tugas keguruan. Guru secara proaktif mengembangkan kompetensi pedagogik, profesional, sosial, dan kepribadian melalui pelatihan, sertifikasi, komunitas belajar, dan refleksi berkelanjutan. Dalam konteks SMK, guru aktif menyelaraskan pembelajaran dengan kebutuhan dunia kerja dan industri (DUDI), memperbarui materi ajar sesuai perkembangan teknologi, serta menjadi teladan etika kerja, disiplin, dan tanggung jawab profesional. Guru juga berperan sebagai penggerak, mentor, atau narasumber bagi rekan sejawat. | G4: SANGAT KURANG
B5: 16 | C5: Butir Kinerja 16: Motivasi kerja (Work Motivation).
C6: Guru menunjukkan motivasi kerja yang rendah dalam menjalankan tugas profesinya. Guru sering bekerja sekadar memenuhi kewajiban minimal, kurang bersemangat, dan mudah menghindari tanggung jawab tambahan. Kinerja cenderung menurun ketika tidak ada pengawasan langsung, serta kurang menunjukkan kepedulian terhadap kualitas pembelajaran dan perkembangan peserta didik SMK. | D6: Guru menunjukkan motivasi kerja yang cukup, namun belum konsisten. Pelaksanaan tugas lebih didorong oleh kewajiban administratif daripada dorongan internal untuk berprestasi. Guru menjalankan pembelajaran dan tugas tambahan ketika diminta, tetapi jarang menunjukkan inisiatif atau semangat untuk melakukan perbaikan dan inovasi. Respons terhadap tantangan kerja, termasuk dalam pembelajaran praktik kejuruan, masih bersifat pasif dan kurang antusias. | E6: Guru menunjukkan motivasi kerja yang baik dan stabil dalam menjalankan tugas utama sebagai pendidik SMK. Guru melaksanakan pekerjaan dengan tanggung jawab, menunjukkan semangat kerja yang positif, serta berupaya menyelesaikan tugas tepat waktu. Dalam pembelajaran, guru berusaha meningkatkan kualitas pengajaran dan keterlibatan siswa, meskipun inisiatif pengembangan dan upaya melampaui standar masih terbatas. Motivasi kerja guru cenderung dipengaruhi oleh faktor eksternal seperti penugasan dan supervisi. | F6: Guru menunjukkan motivasi kerja yang sangat tinggi, intrinsik, dan berkelanjutan dalam melaksanakan seluruh tugas profesional. Guru bekerja dengan antusias, penuh inisiatif, dan orientasi mutu, tidak hanya memenuhi kewajiban tetapi secara aktif mencari cara untuk meningkatkan kualitas pembelajaran dan layanan pendidikan SMK. Guru bersedia mengambil tanggung jawab tambahan, menghadapi tantangan pembelajaran kejuruan dengan sikap positif, serta konsisten menunjukkan semangat kerja yang menular kepada siswa dan rekan sejawat, termasuk dalam konteks pembelajaran berbasis industri dan praktik kerja. | G6: SANGAT KURANG
B7: 17 | C7: Butir Kinerja 17: Efikasi diri, kepuasan kerja, dan keterikatan kerja.
C8: Guru menunjukkan efikasi diri yang rendah dalam menjalankan tugas profesional. Guru kurang percaya terhadap kemampuan dirinya, sering menghindari tantangan, dan menunjukkan keraguan dalam mengelola pembelajaran. Ketergantungan terhadap arahan eksternal sangat tinggi, serta kecenderungan menyerah ketika menghadapi kesulitan pembelajaran atau permasalahan kelas. Kondisi ini berdampak pada rendahnya kualitas pembelajaran dan kurangnya kepercayaan peserta didik terhadap proses belajar. | D8: Guru menunjukkan efikasi diri yang cukup, namun belum konsisten. Guru sering ragu dalam mengambil keputusan pembelajaran dan cenderung bergantung pada arahan pihak lain. Keyakinan terhadap kemampuan diri muncul pada situasi rutin, tetapi menurun ketika menghadapi tantangan baru, perubahan kurikulum, atau tuntutan pembelajaran praktik kejuruan yang kompleks. Guru kurang percaya diri untuk mencoba strategi pembelajaran inovatif dan lebih memilih cara yang aman dan konvensional. | E8: Guru menunjukkan efikasi diri yang baik dalam menjalankan tugas pembelajaran dan tanggung jawab profesional. Guru percaya pada kemampuannya dalam mengelola kelas, menyampaikan materi kejuruan, dan menyelesaikan permasalahan pembelajaran yang umum. Guru bersedia mencoba pendekatan baru apabila didukung arahan atau pelatihan, namun keberanian untuk berinovasi dan mengambil risiko pedagogik masih terbatas. Secara umum, guru mampu bekerja secara mandiri dan menunjukkan keyakinan diri yang stabil. | F8: Guru menunjukkan efikasi diri yang sangat tinggi dan kuat dalam melaksanakan tugas profesional sebagai pendidik SMK. Guru memiliki keyakinan yang mantap terhadap kemampuannya dalam merancang, melaksanakan, dan mengevaluasi pembelajaran kejuruan, termasuk menghadapi kompleksitas pembelajaran praktik dan tuntutan dunia industri. Guru percaya diri mengambil keputusan pedagogik, berani mencoba strategi baru, serta mampu mengatasi tantangan dan kegagalan sebagai bagian dari proses peningkatan kualitas pembelajaran. Keyakinan diri guru berdampak positif pada kinerja, keteladanan, dan kepercayaan diri peserta didik. | G8: SANGAT KURANG
B9: 18 | C9: Butir Kinerja 18: Kesehatan Psikologis (Burnout).
C10: Guru menunjukkan kesehatan psikologis yang rendah dengan tingkat burnout tinggi. Guru mengalami kelelahan emosional berkepanjangan, sikap sinis terhadap pekerjaan, dan penurunan rasa pencapaian diri. Kondisi ini berdampak nyata pada kinerja pembelajaran, hubungan dengan siswa dan rekan kerja, serta komitmen terhadap tugas profesional. Guru cenderung menarik diri, mudah tertekan, dan membutuhkan intervensi atau pendampingan khusus. | D10: Guru menunjukkan kesehatan psikologis yang cukup, namun mulai memperlihatkan gejala burnout sedang. Guru sering merasa lelah secara emosional, jenuh, atau kehilangan energi kerja, terutama ketika menghadapi beban tugas yang tinggi dan tuntutan pembelajaran kejuruan. Kondisi ini mulai memengaruhi konsistensi kinerja, motivasi, dan kualitas interaksi dengan siswa, meskipun guru masih mampu menjalankan tugas utama dengan bantuan dukungan eksternal. | E10: Guru menunjukkan kesehatan psikologis yang baik dengan gejala burnout minimal dan terkendali. Guru masih mampu melaksanakan tugas pembelajaran dan tanggung jawab profesional secara konsisten, meskipun sesekali mengalami kelelahan kerja. Guru memiliki strategi coping yang cukup efektif dan dapat memulihkan kondisi psikologisnya tanpa berdampak signifikan pada kinerja dan interaksi dengan siswa. Kualitas pembelajaran tetap terjaga. | F10: Guru menunjukkan kesehatan psikologis yang sangat baik dan tingkat burnout yang sangat rendah. Guru mampu mengelola stres kerja secara efektif, menjaga keseimbangan antara tuntutan pekerjaan dan kondisi personal, serta tetap menunjukkan energi, antusiasme, dan keterlibatan tinggi dalam pembelajaran SMK. Guru memiliki ketahanan psikologis yang kuat, mampu meregulasi emosi saat menghadapi tekanan kerja (beban administrasi, pembelajaran praktik, hubungan dengan industri), dan menjadikan tantangan sebagai peluang untuk berkembang tanpa mengganggu kualitas kinerja. | G10: SANGAT KURANG
B11: 19 | C11: Butir Kinerja 19: Resiliensi (ketangguhan).
C12: Guru menunjukkan resiliensi yang rendah dalam menghadapi tantangan kerja. Guru mudah merasa tertekan, sulit beradaptasi dengan perubahan, dan cenderung menyerah ketika menghadapi hambatan atau kegagalan. Kondisi ini berdampak pada penurunan kualitas kinerja, hubungan kerja, dan keberlangsungan pembelajaran. Guru memerlukan pendampingan intensif untuk membangun kembali ketangguhan profesionalnya. | D12: Guru menunjukkan resiliensi yang cukup, namun belum konsisten. Guru dapat bertahan dalam situasi sulit, tetapi membutuhkan waktu lama untuk pulih dari tekanan atau kegagalan. Perubahan kebijakan, tuntutan administrasi, atau kompleksitas pembelajaran praktik kejuruan sering menurunkan semangat dan kinerja guru. Ketangguhan emosional dan adaptasi guru masih terbatas, sehingga memengaruhi stabilitas kinerja dan suasana pembelajaran. | E12: Guru menunjukkan resiliensi yang baik dalam menghadapi tekanan dan tantangan kerja. Guru mampu menyesuaikan diri dengan perubahan, mengatasi hambatan pembelajaran, dan mempertahankan kinerja pada tingkat yang stabil. Meskipun sesekali mengalami kesulitan emosional atau kelelahan, guru dapat pulih dan melanjutkan tugas secara efektif dengan dukungan yang wajar. Sikap adaptif dan ketekunan guru terlihat dalam pelaksanaan pembelajaran SMK sehari-hari. | F12: Guru menunjukkan resiliensi yang sangat tinggi dalam menghadapi berbagai tantangan profesional sebagai pendidik SMK. Guru mampu bangkit dengan cepat dari tekanan, kegagalan, atau perubahan kebijakan dan tuntutan pembelajaran kejuruan, serta menjadikannya sebagai peluang pembelajaran dan peningkatan kinerja. Guru tetap konsisten menjaga kualitas pembelajaran, bersikap optimis, adaptif, dan mampu mengelola emosi secara matang dalam situasi sulit. Ketangguhan guru memberikan dampak positif terhadap iklim belajar, budaya kerja sekolah, dan ketahanan peserta didik. | G12: SANGAT KURANG
B13: 20 | C13: Butir Kinerja 20: Kepemimpinan kepala sekolah (instructional leadership)
C14: Kepemimpinan kepala sekolah menunjukkan kinerja yang lemah, minim arahan, dan kurang memberikan dukungan terhadap guru. Supervisi tidak berjalan, komunikasi tidak efektif, serta tidak ada upaya sistematis untuk meningkatkan kualitas pembelajaran. Lingkungan kerja menjadi kurang kondusif. Dampaknya, kinerja guru rendah, tidak terarah, dan kurang berkembang. | D14: Kepemimpinan kepala sekolah masih bersifat administratif dan belum konsisten dalam memberikan pembinaan dan dukungan kepada guru. Supervisi belum berjalan optimal, komunikasi kurang intensif, dan kebijakan belum sepenuhnya berpihak pada pengembangan profesional guru. Dampaknya, kinerja guru cenderung fluktuatif, kurang inovatif, dan masih bergantung pada arahan eksternal. | E14: Kepemimpinan kepala sekolah berjalan efektif dan mendukung pelaksanaan tugas guru. Kepala sekolah melakukan supervisi dan pembinaan secara rutin, menyediakan dukungan terhadap kegiatan pembelajaran, serta menjaga komunikasi yang baik dengan guru. Lingkungan kerja relatif kondusif dan terarah. Dampaknya, kinerja guru stabil, memenuhi standar, dan menunjukkan tanggung jawab profesional yang baik, meskipun inovasi dan pengembangan belum optimal. | F14: Kepemimpinan kepala sekolah menunjukkan arah visi yang jelas, inspiratif, dan berorientasi mutu, serta mampu menciptakan budaya kerja profesional yang kuat di lingkungan SMK. Kepala sekolah secara konsisten melakukan supervisi akademik yang berkualitas, memberikan umpan balik konstruktif, serta memfasilitasi pengembangan kompetensi guru secara berkelanjutan. Komunikasi berjalan terbuka dan kolaboratif, serta keputusan diambil secara partisipatif. Dampaknya, guru menunjukkan kinerja yang tinggi, inovatif, disiplin, dan berorientasi pada peningkatan kualitas pembelajaran serta relevansi dengan dunia usaha dan industri (DUDI). | G14: SANGAT KURANG
B15: 21 | C15: Butir Kinerja 21: Lingkungan/Iklim Sekolah
C16: Lingkungan/iklim sekolah tidak kondusif, ditandai dengan hubungan kerja yang kurang harmonis, komunikasi yang tidak efektif, serta suasana kerja yang tidak mendukung. Terdapat konflik, ketidaknyamanan, atau budaya kerja yang negatif. Kondisi ini berdampak langsung pada rendahnya motivasi dan kinerja guru. | D16: Lingkungan/iklim sekolah cukup kondusif, namun masih terdapat kendala dalam hubungan kerja, komunikasi, atau budaya sekolah. Kolaborasi antar guru belum optimal, suasana kerja kurang mendukung inovasi, dan terdapat faktor yang menghambat kenyamanan kerja. Dampaknya, kinerja guru cenderung fluktuatif dan belum maksimal. | E16: Lingkungan/iklim sekolah kondusif dan mendukung pelaksanaan tugas guru. Hubungan kerja berjalan baik, suasana sekolah relatif nyaman dan tertib, serta komunikasi cukup efektif. Guru dapat melaksanakan pembelajaran dengan baik dan stabil, meskipun budaya kolaborasi dan inovasi belum berkembang secara optimal. | F16: Lingkungan/iklim sekolah sangat kondusif, kolaboratif, aman, dan berorientasi mutu, serta secara nyata mendukung peningkatan kinerja guru. Hubungan antarwarga sekolah harmonis, komunikasi terbuka, dan budaya kerja profesional tumbuh kuat. Guru merasa dihargai, didukung, dan termotivasi untuk berinovasi. Dalam konteks SMK, lingkungan sekolah juga mencerminkan budaya kerja industri (disiplin, kualitas, keselamatan kerja), sehingga mendorong guru melaksanakan pembelajaran yang relevan, produktif, dan berkualitas tinggi. | G16: SANGAT KURANG
B17: 22 | C17: Butir Kinerja 22: Sarana dan Prasarana (fisik dan digital)
C18: Sarana dan prasarana sangat terbatas, tidak layak, atau tidak tersedia sesuai kebutuhan. Fasilitas pembelajaran, terutama praktik, tidak dapat digunakan secara efektif. Guru mengalami kesulitan dalam melaksanakan pembelajaran, sehingga kualitas kinerja dan hasil belajar siswa menurun. | D18: Sarana dan prasarana terbatas atau kurang sesuai dengan kebutuhan pembelajaran kejuruan. Beberapa fasilitas tidak lengkap, kurang berfungsi, atau tidak terbarui. Guru harus melakukan penyesuaian atau modifikasi dalam pembelajaran. Kondisi ini menyebabkan pembelajaran praktik kurang optimal dan berdampak pada kinerja guru. | E18: Sarana dan prasarana cukup lengkap dan layak digunakan untuk mendukung pembelajaran. Fasilitas tersedia sesuai kebutuhan dasar, meskipun belum sepenuhnya mutakhir atau setara dengan standar industri. Guru dapat melaksanakan pembelajaran dengan baik, meskipun inovasi masih terbatas oleh kondisi fasilitas. | F18: Sarana dan prasarana sekolah sangat lengkap, modern, relevan dengan standar dunia usaha dan industri (DUDI), serta terkelola dengan baik. Fasilitas pembelajaran, terutama laboratorium/bengkel praktik, tersedia memadai, berfungsi optimal, dan mudah diakses oleh guru. Guru mampu memanfaatkan fasilitas secara maksimal untuk mengembangkan pembelajaran inovatif, berbasis praktik, dan teknologi. Kondisi ini secara signifikan meningkatkan kualitas pembelajaran dan kinerja guru. | G18: SANGAT KURANG
B19: 23 | C19: Butir Kinerja 23: Kolaborasi dengan Dunia Usaha dan Industri (DUDI)
C20: Kolaborasi dengan DUDI tidak ada atau sangat minim. Tidak terdapat program kerja sama yang jelas antara sekolah dan industri. Guru tidak mendapatkan pengalaman atau referensi dari dunia kerja, sehingga pembelajaran cenderung tidak relevan dengan kebutuhan industri. Kinerja guru dalam konteks kejuruan menjadi rendah. | D20: Kolaborasi dengan DUDI masih terbatas dan tidak berkelanjutan. Program kerja sama hanya bersifat insidental dan belum memberikan dampak signifikan terhadap peningkatan kompetensi guru. Guru memiliki akses terbatas terhadap informasi dan praktik industri, sehingga pembelajaran kurang relevan dengan kebutuhan dunia kerja. | E20: Kolaborasi dengan DUDI berjalan dengan baik, ditandai dengan adanya program seperti PKL (Praktik Kerja Lapangan), kunjungan industri, atau kerja sama terbatas lainnya. Guru memperoleh manfaat dalam meningkatkan wawasan industri dan menerapkannya dalam pembelajaran, meskipun belum terintegrasi secara menyeluruh. Kinerja guru stabil dan relevansi pembelajaran cukup baik. | F20: Kolaborasi dengan DUDI sangat kuat, strategis, dan berkelanjutan, serta terintegrasi dalam seluruh proses pembelajaran SMK. Terdapat sinkronisasi kurikulum, program teaching factory, guru tamu dari industri, serta keterlibatan aktif guru dalam kegiatan industri (magang, pelatihan, sertifikasi). Guru secara konsisten mengadopsi standar industri dalam pembelajaran dan mampu mentransfer praktik terbaik kepada siswa. Dampaknya, kinerja guru sangat tinggi, inovatif, dan pembelajaran sangat relevan dengan kebutuhan dunia kerja. | G20: SANGAT KURANG
B21: 24 | C21: Butir Kinerja 24: Sistem penghargaan/kompensasi dan jalur karier
C22: Sistem penghargaan, kompensasi, dan jalur karir tidak jelas atau tidak berjalan. Tidak terdapat mekanisme yang adil dan transparan dalam pemberian penghargaan. Guru merasa kurang dihargai, sehingga motivasi kerja rendah dan berdampak pada rendahnya kinerja. | D22: Sistem penghargaan dan kompensasi masih terbatas dan kurang konsisten. Mekanisme pemberian penghargaan belum sepenuhnya transparan atau belum berbasis kinerja. Jalur karir kurang jelas dan peluang pengembangan terbatas. Dampaknya, motivasi kerja guru berada pada tingkat sedang dan tidak mendorong peningkatan kinerja secara signifikan. | E22: Sistem penghargaan dan kompensasi tersedia dan berjalan cukup baik, dengan mekanisme yang relatif jelas dan dapat diterima oleh guru. Terdapat bentuk penghargaan dan peluang pengembangan karir, meskipun belum sepenuhnya berbasis kinerja atau belum optimal dalam implementasinya. Guru tetap termotivasi dan mampu mempertahankan kinerja yang baik. | F22: Sistem penghargaan, kompensasi, dan jalur karir sangat jelas, adil, transparan, dan berbasis kinerja. Terdapat mekanisme yang terstruktur untuk memberikan insentif, penghargaan profesional, serta peluang pengembangan karir (promosi, sertifikasi, pengakuan kinerja). Guru merasa dihargai dan termotivasi tinggi untuk berprestasi, berinovasi, dan meningkatkan kualitas pembelajaran. Sistem ini secara nyata mendorong peningkatan kinerja guru secara berkelanjutan. | G22: SANGAT KURANG

Sheet Kebutuhan Dokumen
B2: No. | C2: Nama/Jenis Dokumen yang diupload | D2: Kebutuhan Nomor Butir Kinerja
B3: 1 | C3: RPP/Modul/Perangkat Ajar | D3: Butir 1 Butir 2 dst
B4: 2 | C4: hasil asesmen siswa | D4: dst
B5: dst | C5: dst | D5: dst

Sheet Bukti Kinerja
B2: No. | C2: Butir Kinerja | D2: Upload Dokumen (jenis/nama dokumen) | E2: Pembuktian Kinerja | K2: Kesimpulan | L2: Kriteria Penilaian | M2: LEVEL KINERJA | O2: ANALISIS MENYILANG (WHAT-WHY-HOW) | P2: REKOMENDASI
E3: Telaah Dokumen | F3: Observasi | G3: Wawancara
G4: Kepala/ Wakasek | H4: Kepala Kompetensi Keahlian/ Pengurus | I4: Guru | J4: Siswa
B5: 1 | C5: Guru mengembangkan perencanaan pembelajaran yang berorientasi pada keaktifan, kreativitas, dan inovasi peserta didik melalui pengoptimalan sumber lingkungan dan integrasi teknologi informasi dan komunikasi sesuai dengan karakteristik konteks pembelajaran. | D5: Lihat Instumen file word | E5: Catatan evaluator | F5: Catatan evaluator | G5: Catatan evaluator | H5: Catatan evaluator | I5: Catatan evaluator | J5: Catatan evaluator | K5: ='1 (Mutu Guru) '!C4 -> Guru menyusun perencanaan pembelajaran yang belum memfasilitasi peserta didik belajar aktif, kreatif, dan inovatif, serta belum memanfaatkan lingkungan dan TIK secara optimal dalam mendukung pembelajaran. | L5: SANGAT KURANG | M5: 1
B6: 2 | C6: Guru menunjukkan upaya pengembangan profesional melalui kegiatan evaluasi diri, refleksi pembelajaran, dan peningkatan kompetensi yang dilakukan secara periodik untuk mendukung perbaikan kinerja. kompetensi untuk perbaikan kinerja secara berkala. | D6: Lihat Instumen file word | M6: 3
B7: 3 | C7: Guru menunjukkan komitmen terhadap pengembangan profesi berkelanjutan melalui berbagai kegiatan yang mendukung peningkatan kapasitas pengetahuan, keterampilan, dan perluasan wawasan profesional. | M7: 3
B8: 4 | C8: Guru menunjukkan kemampuan dalam mengembangkan pendekatan pembelajaran melalui pemilihan strategi, model, metode, teknik, dan media yang variatif, kreatif, serta inovatif untuk meningkatkan efektivitas pembelajaran. | M8: 4
B9: 5 | C9: Guru melaksanakan pengembangan kompetensi profesional melalui keikutsertaan dalam pelatihan asesor kompetensi dan/atau kegiatan pemagangan di dunia kerja. | M9: 2
B10: 6 | C10: Guru menerapkan budaya kerja industri dalam mendukung peningkatan mutu dan profesionalisme kerja
B11: 7 | C11: Kegiatan Pembelajaran berlangsung secara aktif melalui keterlibatan seluruh peserta didik dan berorientasi pada penguatan keterampilan berpikir tingkat tinggi guna mendukung terciptanya proses belajar yang efektif sesuai target pembelajaran di satuan pendidikan. | M11: 4
B12: 8 | C12: Adanya kesesuaian kurikulum sekolah dengan kebutuhan dan standar kerja industri
B13: 9 | C13: Penilaian pembelajaran, baik pada proses maupun hasil belajar, dimanfaatkan untuk meningkatkan kualitas pembelajaran melalui pelaksanaan yang terencana dan sistematis. | M13: 3
B14: 10 | C14: Kegiatan perbaikan pembelajaran maupun pengayaan diberikan kepada peserta didik yang membutuhkan untuk mendukung pencapaian kompetensi belajar. | M14: 3
B15: 11 | C15: Kegiatan belajar berlangsung dengan keaktifan peserta didik yang tinggi disertai suasana kelas yang positif dan menyenangkan. | M15: 1
B16: 12 | C16: Guru mengembangkan budaya literasi peserta didik melalui pembiasaan aktivitas membaca dan menulis secara berkelanjutan.10: Guru melakukan pembiasaan literasi membaca dan menulis. | M16: 3
B17: 13 | C17: Guru membangun kondisi pembelajaran yang kondusif melalui pemenuhan aspek keamanan, kenyamanan, kebersihan, serta dukungan terhadap kelancaran aktivitas belajar peserta didik. | M17: 3
B18: 14 | C18: Pemanfaatan sarana dan prasarana sekolah/madrasah dilakukan secara optimal guna menunjang kelancaran dan kualitas proses pembelajaran. | M18: 1
B19: 15 | C19: Keberadaan unit produksi/business center/technopark/teaching factory dimamfaatkan oleh guru sebagai media pembelajaran kontekstual untuk meningkatkan kemampuan dalam mengelola pembelajaran berbasis industri. | M19: 2
B20: 16 | C20: Guru memanfaatkan kegiatan Praktik Kerja Lapangan (PKL) sebagai bagian dari pembelajaran berbasis dunia kerja untuk meningkatkan relevansi pembelajaran. | M20: 3
B21: 17 | C21: Komitmen Profesional (professional commitment | D21: 1. Sertifikat pelatihan, workshop, diklat. 2. Notulen MGMP, SK tim, laporan kegiatan. 3. Perangkat ajar, jurnal mengajar. 4. Modul ajar, bahan ajar, jobsheet. 5. Laporan inovasi, karya tulis, program. | M21: 4
B22: 18 | C22: Motivasi kerja (work motivation | D22: 1. SK panitia, laporan kegiatan. 2. Jurnal mengajar, laporan kerja. 3. Piagam, sertifikat. 4. Program inovasi, modul ajar. 5. Rekap kehadiran, laporan. | M22: 4
B23: 19 | C23: Efikasi diri, kepuasan kerja, dan keterikatan kerja | D23: 1. Modul ajar, RPP. 2. Laporan inovasi, media ajar. 3. Jurnal refleksi, laporan evaluasi. 4. Not ulen MGMP, laporan kegiatan. 5. Dokumen perbaikan pembelajaran. | M23: 4
B24: 20 | C24: Kesehatan Psikologis (Burnout). | D24: 1. Rekap absensi. 2. Laporan kinerja, jurnal mengajar. 3. Surat izin/cuti. 4. Laporan supervisi. 5. Dokumen program sekolah | M24: 4
B25: 21 | C25: Resiliensi (ketangguhan | D25: 1. Dokumen perbaikan atas tindak lanjut hasil evaluasi/supervisi. 2. Laporan inovasi. 3. Jurnal mengajar. 4. Sertifikat pelatihan. 5. Laporan refleksi. | M25: 4
B26: 22 | C26: Kepemimpinan kepala sekolah (instructional leadership) | D26: 1. Program supervisi. 2. Instrumen, laporan supervisi. 3. Rencana pelatihan, workshop. 4. SK, program kerja. 5. Laporan kegiatan. | M26: 4
B27: 23 | C27: Lingkungan/iklim sekolah | D27: 1. Program kerja sekolah. 2. Notulen rapat, MGMP. 3. Dokumen aturan sekolah. 4. Laporan kegiatan. 5. Foto/laporan kegiatan | M27: 4
B28: 24 | C28: Sarana dan Prasarana (fisik & digital) | D28: 1. Buku inventaris. 2. Rencana kerja sekolah. 3. Logbook laboratorium/bengkel. 4. Dokumen sinkronisasi kurikulum. 5. Foto/laporan kondisi | L28: SANGAT KURANG | M28: 4
B29: 25 | C29: Kolaborasi dengan Dunia Usaha dan Industri (DUDI) | D29: 1. MoU/MoA. 2. Program kerja. 3. Dokumen kurikulum. 4. Sertifikat pelatihan. 5. Laporan kegiatan. | M29: 4
B30: 26 | C30: Sistem penghargaan/kompensasi & jalur karier | D30: 1. SK, pedoman sekolah. 2. Daftar penerima penghargaan. 3. Dokumen keuangan. 4. Program pelatihan/promosi. 5. Laporan kegiatan. | M30: 4

Sheet Analisis Menyilang 
B2: No. Butir | C2: Komponen | D2: Sub Komponen | E2: Butir Kinerja | F2: Level Kinerja | G2: Analisis Menyilang
G3: WHAT | H3: WHY | I3: HOW
B4: 1 | C4: Mutu Guru | D4: Kompetensi Guru | E4: PERENCANAAN PEMBELAJARAN AKTIF KREATIF INOVATIF, LINGKUNGAN TIK | F4: ='Bukti Kinerja'!M5 -> 1 | G4: Seorang guru haruslah mampu menyusun dan mengembangkan RPP yang mengoptimalkan lingkungan sekitar dan pemamfaatan TIK yang ada. | H4: Perkembangan kehidupan dunia yang cepat menuntut agar guru menguasai cara memamfaatkan TIK serta lingkungan sekitar dalam melaksanakan kegiatan pembelajaran | I4: Melakukan melakukan kegiatan yang bisa mengembangkan kompetensi guru, baik itu dalam bentuk memperbanyak telaah referensi maupun mengikuti diklat, dll
B5: 2 | D5: Pengembangan Profesi Guru | E5: EVALUASI DIRI, REFLEKSI DAN PENGEMBANGAN KOMPETENSI | F5: ='Bukti Kinerja'!M6 -> 3
B6: 3 | E6: PENGEMBANGAN PROFESI BERKELANJUTAN | F6: ='Bukti Kinerja'!M7 -> 3
B7: 4 | D7: Inovasi dan Kreativitas Guru | E7: STRATEGI MODEL METODE TEKNIK MEDIA | F7: ='Bukti Kinerja'!M8 -> 4
B8: 5 | D8: Kompetensi Teknis Guru | E8: Kompetensi Teknis/Magang | F8: ='Bukti Kinerja'!M9 -> 2
B9: 6 | D9: Budaya Kerja Industri | E9: Pemahaman Budaya Kerja Industri | F9: 3
B10: 7 | C10: Proses Pembelajaran | D10: Kualitas Pembelajaran | E10: PEMBELAJARAN AKTIF, BERFIKIR TINGKAT TINGGI DAN EFEKTIF | F10: ='Bukti Kinerja'!M11 -> 4 | G10: Proses pembelajaran yang aktif, kreatif dan menyenangkan merupakan sebuah kondisi pembelajaran yang dinamis dengan adanya interaksi antara sesama siswa dan antara siswa dan guru yang menjadikan siswa antusias dalam belajar. Pemamfaatan secara optimal terhadap sarana dan prasarana yang ada didalam/diluar disekolah baik yang tersedia ataupun dikreasikan oleh guru/siswa sebagai media dan sumber belajar siswa tentunya akan memberikan dampak yang besar terhadap peningkatan belajar siswa. | H10: Karena dewasa ini, tuntutan agar pemamfaatan sarana dan prasarana sebagai media/sumber belajar sangat besar untuk menciptakan suasana belajar yang dinamis dan menyenangkan | I10: Pertama, Guru memvariasikan strategi/model/metode/teknik yang dalam pembelajaran agar suasana belajar yang dinamis, aktif, kreatif dan menyenangkan, membiasakan siswa untuk mengajukan pertanyaan dan mendorong siswa agar memberikan jawaban/solusi dari sebuah masalah yang diberikan. Kedua, pengelola sarana prasarana perlu melakukan langkah-langkah yang dibutuhkan agar sarpras yang ada dapat dengan mudah dijadikan sebagai media/sumber belajar.
B11: 8 | E11: SINKRONISASI KURIKULUM DENGAN KEBUTUHAN DAN STANDAR INDUSTRI
B12: 9 | E12: PENILAIAN PROSES HASIL BELAJAR SEBAGAI DASAR PERBAIKAN | F12: ='Bukti Kinerja'!M13 -> 3
B13: 10 | E13: PROGRAM REMEDIAL/PENGAYAAN | F13: ='Bukti Kinerja'!M14 -> 3
B14: 11 | D14: Iklim Belajar | E14: PARTISIPASI AKTIF SISWA DAN SUASAN BELAJAR | F14: ='Bukti Kinerja'!M15 -> 1
B15: 12 | E15: PEMBIASAAN LITERASI MEMBACA MENULIS OLEH GURU | F15: ='Bukti Kinerja'!M16 -> 3
B16: 13 | E16: SUASANA BELAJAR AMAN NYAMAN BERSIH MUDAH | F16: ='Bukti Kinerja'!M17 -> 3
B17: 14 | D17: Pemamfaatan Sarpras | E17: OPTIMASI SARANA PRASARANA | F17: ='Bukti Kinerja'!M18 -> 1
B18: 15 | D18: Unit Produksi/Business Center/Technopark/Teaching Factory | E18: Teaching Factory | F18: ='Bukti Kinerja'!M19 -> 2
B19: 16 | D19: Praktek Kerja Lapangan (PKL) | E19: PKL/Prakerin | F19: ='Bukti Kinerja'!M20 -> 3
B20: 17 | C20: Influencing Factors | D20: Faktor Internal | E20: Komitmen Profesional (professional commitment | F20: ='Bukti Kinerja'!M21 -> 4
B21: 18 | E21: Motivasi kerja (work motivation) | F21: ='Bukti Kinerja'!M22 -> 4
B22: 19 | E22: Efikasi diri, kepuasan kerja, dan keterikatan kerja | F22: ='Bukti Kinerja'!M23 -> 4
B23: 20 | E23: Kesehatan Psikologis (Burnout) | F23: ='Bukti Kinerja'!M24 -> 4
B24: 21 | E24: Resiliensi (ketangguhan) | F24: ='Bukti Kinerja'!M25 -> 4
B25: 22 | D25: Faktor Eksternal | E25: Kepemimpinan kepala sekolah (instructional leadership) | F25: ='Bukti Kinerja'!M26 -> 4
B26: 23 | E26: Lingkungan/iklim sekolah | F26: ='Bukti Kinerja'!M27 -> 4
B27: 24 | E27: Sarana dan Prasarana (fisik & digital) | F27: ='Bukti Kinerja'!M29 -> 4
B28: 25 | E28: Kolaborasi dengan industri & ekosistem WBL/PKL | F28: ='Bukti Kinerja'!M29 -> 4
B29: 26 | E29: Sistem penghargaan/kompensasi & jalur karier | F29: ='Bukti Kinerja'!M30 -> 4

Sheet REKOMENDASI
B2: No. | C2: Nama Pegawai | D2: Nomor Butir Kinerja | E2: Kriteria Penilaian | F2: Rekomendasi Tindak Lanjut WHAT - WHY - HOW
B3: 1 | C3: Ali Khamenei | D3: 1 | E3: ='Bukti Kinerja'!L5 -> SANGAT KURANG
D4: 2 | E4: SB
D5: 3 | E5: SB
D6: 4 | E6: SB
D7: 5 | E7: SB
D8: 6 | E8: TB
D9: 7 | E9: TB
D10: 8 | E10: SB
D11: 9 | E11: SB
D12: 10 | E12: SB
D13: 11 | E13: SB
D14: 12 | E14: B
D15: 13 | E15: B
... D27: 25 | E27: SB
B28: 2
B29: 3
B30: 4
B31: 5
B32: 6
B33: 7
B34: 8
B35: 9
B36: dst

Sheet Report Kinerja Perorang
B2: Rapor Penilaian Kinerja
B3: Nama
B4: Nip
B5: Mata Pelajaran yang diampu
B6: Nama Sekolah
B7: Tahun Penilaian
B9: Nomor Butir Kinerja | C9: Kriteria Penilaian | D9: Penilaian Kinerja | E9: Rekomendasi Tindak Lanjut Rekomendasi Tindak Lanjut WHAT - WHY - HOW
B10: 1 | C10: ='Bukti Kinerja'!L5 -> SANGAT KURANG | D10: ='Bukti Kinerja'!M5 -> 1 | G10: 4 | H10: = | I10: Imbaskan ke teman sejawat
B11: 1 | C11: ='Bukti Kinerja'!L6 -> 0 | D11: ='Bukti Kinerja'!M6 -> 3 | G11: 3 | H11: = | I11: Perlu peningkatan
B12: 1 | C12: ='Bukti Kinerja'!L7 -> 0 | D12: ='Bukti Kinerja'!M7 -> 3 | G12: 2 | H12: = | I12: Perlu perbaikan
B13: 1 | C13: ='Bukti Kinerja'!L8 -> 0 | D13: ='Bukti Kinerja'!M8 -> 4 | G13: 1 | H13: = | I13: Perlu perbaikan segera
B14: 1 | C14: ='Bukti Kinerja'!L9 -> 0 | D14: ='Bukti Kinerja'!M9 -> 2
B15: 1 | C15: ='Bukti Kinerja'!L11 -> 0 | D15: ='Bukti Kinerja'!M11 -> 4
B16: 1 | C16: ='Bukti Kinerja'!L13 -> 0 | D16: ='Bukti Kinerja'!M13 -> 3
B17: 1 | C17: ='Bukti Kinerja'!L14 -> 0 | D17: ='Bukti Kinerja'!M14 -> 3
B18: 1 | C18: ='Bukti Kinerja'!L15 -> 0 | D18: ='Bukti Kinerja'!M15 -> 1
B19: 1 | C19: ='Bukti Kinerja'!L16 -> 0 | D19: ='Bukti Kinerja'!M16 -> 3
B20: 1 | C20: ='Bukti Kinerja'!L17 -> 0 | D20: ='Bukti Kinerja'!M17 -> 3
B21: 1 | C21: ='Bukti Kinerja'!L18 -> 0 | D21: ='Bukti Kinerja'!M18 -> 1
B22: 1 | C22: ='Bukti Kinerja'!L19 -> 0 | D22: ='Bukti Kinerja'!M19 -> 2
B23: 1 | C23: ='Bukti Kinerja'!L20 -> 0 | D23: ='Bukti Kinerja'!M20 -> 3
B24: 1 | C24: ='Bukti Kinerja'!L21 -> 0 | D24: ='Bukti Kinerja'!M21 -> 4
B25: 1 | C25: ='Bukti Kinerja'!L22 -> 0 | D25: ='Bukti Kinerja'!M22 -> 4
B26: 1 | C26: ='Bukti Kinerja'!L23 -> 0 | D26: ='Bukti Kinerja'!M23 -> 4
B27: 1 | C27: ='Bukti Kinerja'!L24 -> 0 | D27: ='Bukti Kinerja'!M24 -> 4
... B30: 1 | C30: ='Bukti Kinerja'!L27 -> 0 | D30: ='Bukti Kinerja'!M27 -> 4
B31: 1 | C31: ='Bukti Kinerja'!#REF! -> #REF! | D31: ='Bukti Kinerja'!#REF! -> #REF!
B32: 1 | C32: ='Bukti Kinerja'!L28 -> SANGAT KURANG | D32: ='Bukti Kinerja'!M28 -> 4
B33: 1 | C33: ='Bukti Kinerja'!L29 -> 0 | D33: ='Bukti Kinerja'!M29 -> 4
B34: 1 | C34: ='Bukti Kinerja'!L30 -> 0 | D34: ='Bukti Kinerja'!M30 -> 4
B35: 1 | C35: ='Bukti Kinerja'!L31 -> 0 | D35: ='Bukti Kinerja'!M31 -> 0
